threshold,fp,fn,tp,tn,precision,recall,f1,custo_total
0.02,649,0,1851,0,0.7404,1.0,0.8508388876120432,19470.0
0.03,649,0,1851,0,0.7404,1.0,0.8508388876120432,19470.0
0.04,649,0,1851,0,0.7404,1.0,0.8508388876120432,19470.0
0.05,648,0,1851,1,0.7406962785114045,1.0,0.8510344827586207,19440.0
0.06,645,0,1851,4,0.7415865384615384,1.0,0.8516218081435473,19350.0
0.07,643,2,1849,6,0.7419743178170144,0.9989195029713668,0.8514851485148515,19535.0
0.08,634,4,1847,15,0.7444578798871423,0.9978390059427337,0.8527239150507848,19510.0
0.09,624,6,1845,25,0.74726609963548,0.9967585089141004,0.8541666666666666,19455.0
0.1,615,8,1843,34,0.7497965825874695,0.9956780118854673,0.8554188906938965,19430.0
0.11,599,10,1841,50,0.7545081967213115,0.9945975148568341,0.8580750407830342,19195.0
0.12,590,13,1838,59,0.757001647446458,0.9929767693138843,0.8590792241177845,19292.5
0.13,574,14,1837,75,0.7619245126503525,0.9924365207995678,0.8620366025340216,18935.0
0.14,559,18,1833,90,0.7663043478260869,0.9902755267423015,0.8640113127504124,18975.0
0.15,541,20,1831,108,0.7719224283305227,0.9891950297136682,0.8671560502012787,18680.0
0.16,524,23,1828,125,0.7772108843537415,0.9875742841707186,0.8698548655722104,18537.5
0.17,515,24,1827,134,0.7801024765157984,0.9870340356564019,0.8714524207011686,18390.0
0.18,499,28,1823,150,0.7850990525409131,0.9848730415991356,0.8737119578241074,18400.0
0.19,486,29,1822,163,0.7894280762564991,0.984332793084819,0.876172156768454,18132.5
0.2,469,36,1815,180,0.7946584938704028,0.9805510534846029,0.8778718258766627,18480.0
0.21,459,40,1811,190,0.7977973568281939,0.9783900594273366,0.8789128852220335,18670.0
0.22,444,42,1809,205,0.8029294274300932,0.9773095623987034,0.881578947368421,18465.0
0.23,430,48,1803,219,0.8074339453649798,0.9740680713128039,0.8829578844270323,18780.0
0.24,418,59,1792,231,0.8108597285067873,0.9681253376553215,0.8825412459985226,19767.5
0.25,401,64,1787,248,0.81672760511883,0.9654240950837385,0.8848724931913841,19870.0
0.26,393,75,1776,256,0.8188105117565698,0.9594813614262561,0.8835820895522388,20977.5
0.27,385,86,1765,264,0.8209302325581396,0.9535386277687736,0.8822794301424643,22085.0
0.28,375,95,1756,274,0.8240262787423744,0.9486763911399244,0.8819688598694123,22887.5
0.29,366,100,1751,283,0.8271138403401039,0.9459751485683414,0.8825604838709677,23230.0
0.3,351,105,1746,298,0.8326180257510729,0.9432739059967585,0.8844984802431611,23392.5
0.31,342,113,1738,307,0.8355769230769231,0.9389519178822259,0.8842533706436021,24102.5
0.32,330,115,1736,319,0.8402710551790901,0.9378714208535927,0.8863926474342609,23987.5
0.33,322,119,1732,327,0.8432327166504382,0.9357104267963263,0.887067861715749,24237.5
0.34,314,127,1724,335,0.845927379784102,0.9313884386817937,0.8866032399074312,24977.5
0.35,306,138,1713,343,0.8484398216939079,0.9254457050243112,0.8852713178294573,26084.999999999996
0.36,294,144,1707,355,0.8530734632683659,0.9222042139384117,0.8862928348909658,26459.999999999996
0.37,284,153,1698,365,0.856710393541877,0.9173419773095624,0.885990086094443,27262.499999999996
0.38,280,161,1690,369,0.8578680203045685,0.9130199891950297,0.8845851871237895,28122.499999999996
0.39,269,170,1681,380,0.862051282051282,0.9081577525661805,0.8845040778742436,28894.999999999996
0.4,260,177,1674,389,0.8655635987590486,0.9043760129659644,0.8845442536327609,29482.499999999996
0.41,252,191,1660,397,0.8682008368200836,0.8968125337655322,0.8822747807600319,30957.499999999996
0.42,246,201,1650,403,0.870253164556962,0.8914100486223663,0.8807045636509208,32002.499999999996
0.43,241,215,1636,408,0.8716036228023442,0.8838465694219341,0.8776824034334764,33567.5
0.44,235,232,1619,414,0.8732470334412082,0.8746623446785521,0.8739541160593792,35470.0
0.45,220,241,1610,429,0.8797814207650273,0.8698001080497029,0.8747622928552024,36122.5
0.46,214,250,1601,435,0.8820936639118457,0.8649378714208535,0.8734315330060011,37045.0
0.47,211,262,1589,438,0.8827777777777778,0.8584548892490546,0.8704464530265681,38425.0
0.48,201,282,1569,448,0.8864406779661017,0.8476499189627229,0.8666114333057167,40574.99999999999
0.49,196,294,1557,453,0.8881916714204221,0.8411669367909238,0.8640399556048834,41894.99999999999
0.5,189,310,1541,460,0.8907514450867052,0.8325229605618585,0.8606534487573304,43644.99999999999
0.51,177,326,1525,472,0.8960047003525264,0.823878984332793,0.858429496200394,45244.99999999999
0.52,170,334,1517,479,0.8992294013040901,0.8195569962182604,0.8575466365178067,46014.99999999999
0.53,162,352,1499,487,0.9024683925346177,0.8098325229605619,0.8536446469248291,47979.99999999999
0.54,153,366,1485,496,0.9065934065934066,0.8022690437601296,0.8512467755803955,49424.99999999999
0.55,150,377,1474,499,0.9076354679802956,0.7963263101026472,0.8483453237410072,50682.49999999999
0.56,146,398,1453,503,0.908692933083177,0.7849810913019989,0.8423188405797102,53134.99999999999
0.57,142,420,1431,507,0.9097266369993643,0.773095623987034,0.8358644859813084,55709.99999999999
0.58,132,432,1419,517,0.9148936170212766,0.766612641815235,0.8342151675485009,56879.99999999999
0.59,124,444,1407,525,0.9190071848465056,0.7601296596434359,0.8320520402128918,58109.99999999999
0.6,119,462,1389,530,0.9210875331564987,0.7504051863857374,0.8270318547186662,60164.99999999999
0.61,110,479,1372,539,0.9257759784075573,0.7412209616423555,0.8232823282328233,61977.49999999999
0.62,101,497,1354,548,0.9305841924398626,0.731496488384657,0.8191167574107683,63912.49999999999
0.63,98,515,1336,551,0.9316596931659693,0.7217720151269584,0.8133942161339421,66027.5
0.64,91,532,1319,558,0.9354609929078014,0.7125877903835764,0.8089543084943269,67900.0
0.65,89,554,1297,560,0.9357864357864358,0.7007023230686116,0.8013592832869941,70534.99999999999
0.66,84,577,1274,565,0.9381443298969072,0.68827660723933,0.794016827672172,73202.49999999999
0.67,78,596,1255,571,0.9414853713428357,0.678011885467315,0.7883165829145728,75349.99999999999
0.68,77,617,1234,572,0.9412662090007627,0.6666666666666666,0.7805186590765338,77892.49999999999
0.69,70,644,1207,579,0.9451840250587314,0.6520799567801189,0.7717391304347826,80989.99999999999
0.7,67,659,1192,582,0.9467831612390787,0.6439762290653701,0.7665594855305466,82737.49999999999
0.71,66,675,1176,583,0.9468599033816425,0.6353322528363047,0.7604267701260912,84667.49999999999
0.72,63,697,1154,586,0.9482333607230896,0.6234467855213398,0.7522816166883963,87272.49999999999
0.73,59,725,1126,590,0.950210970464135,0.6083198271204754,0.7417654808959157,90582.49999999999
0.74,55,747,1104,594,0.9525452976704055,0.5964343598055105,0.7335548172757476,93157.49999999999
0.75,54,774,1077,595,0.9522546419098143,0.5818476499189628,0.7223340040241448,96434.99999999999
0.76,52,796,1055,597,0.953026196928636,0.5699621826039979,0.7133198106828939,99069.99999999999
0.77,47,821,1030,602,0.9563602599814299,0.5564559697460832,0.703551912568306,101982.49999999999
0.78,40,855,996,609,0.9613899613899614,0.5380875202593193,0.6899896085902321,105937.49999999999
0.79,38,886,965,611,0.9621136590229312,0.5213398163155051,0.6762438682550805,109674.99999999999
0.8,36,914,937,613,0.9630010277492291,0.5062128579146408,0.6635977337110481,113044.99999999999
0.81,31,952,899,618,0.9666666666666667,0.48568341437061047,0.6465300251708018,117549.99999999999
0.82,29,989,862,620,0.9674523007856342,0.46569421934089683,0.6287381473377097,122022.49999999999
0.83,22,1023,828,627,0.9741176470588235,0.4473257698541329,0.6131062569418734,125977.49999999999
0.84,19,1054,797,630,0.9767156862745098,0.4305780659103187,0.5976752905886764,129684.99999999999
0.85,19,1091,760,630,0.975609756097561,0.4105888708806051,0.5779467680608364,134217.49999999997
0.86,16,1121,730,633,0.9785522788203753,0.3943814154511075,0.562187139006546,137802.49999999997
0.87,13,1161,690,636,0.9815078236130867,0.3727714748784441,0.5403288958496476,142612.49999999997
0.88,12,1204,647,637,0.9817905918057663,0.3495407887628309,0.5155378486055777,147849.99999999997
0.89,9,1261,590,640,0.9849749582637729,0.3187466234467855,0.4816326530612245,154742.49999999997
0.9,6,1306,545,643,0.9891107078039928,0.29443544030253915,0.4537885095753539,160164.99999999997
0.91,5,1360,491,644,0.9899193548387096,0.26526202052944353,0.4184064763527908,166749.99999999997
0.92,5,1424,427,644,0.9884259259259259,0.23068611561318206,0.37406920718353043,174589.99999999997
0.93,5,1474,377,644,0.9869109947643979,0.2036736898973528,0.33766233766233766,180714.99999999997
0.94,5,1543,308,644,0.9840255591054313,0.16639654240950838,0.2846580406654344,189167.49999999997
0.95,4,1603,248,645,0.9841269841269841,0.13398163155051324,0.2358535425582501,196487.49999999997
0.96,2,1678,173,647,0.9885714285714285,0.09346299297676931,0.17077986179664364,205614.99999999997
0.97,1,1746,105,648,0.9905660377358491,0.05672609400324149,0.10730710270822688,213914.99999999997
